{
  "baseline": [
    30.79723663330078,
    -42.412218475341795
  ],
  "means": {
    "1": [
      -14.423362541198731,
      55.98302221298216
    ],
    "2": [
      -24.935561561584468,
      54.994309616088856
    ],
    "3": [
      -31.05490589141845,
      54.79424629211426
    ],
    "4": [
      -18.58767871856689,
      53.03713703155516
    ],
    "5": [
      -28.772938728332512,
      54.84175214767455
    ],
    "6": [
      -44.9821714401245,
      57.33146696090697
    ],
    "7": [
      -24.642773818969722,
      59.388865756988515
    ],
    "8": [
      -35.01608219146728,
      58.23510360717772
    ],
    "9": [
      -48.79170246124267,
      60.14308862686156
    ]
  },
  "arrow": {
    "baseline": [
      0.6429224014282227,
      -0.983443307876587
    ],
    "scale_x": -0.7107631429627111,
    "scale_y": 0.8912696856929591
  }
}