{
  "baseline": [
    54.69500999450683,
    35.06666700839996
  ],
  "means": {
    "1": [
      27.722962188720697,
      -3.344392561912534
    ],
    "2": [
      2.940933609008792,
      -6.3067724704742405
    ],
    "3": [
      -15.282464218139648,
      -4.2937233209609955
    ],
    "4": [
      17.53499279022217,
      2.4037663221359282
    ],
    "5": [
      2.8276702880859403,
      0.8372528314590483
    ],
    "6": [
      -22.015727233886718,
      3.2183830261230497
    ],
    "7": [
      20.840436744689942,
      8.045352458953861
    ],
    "8": [
      3.806241989135745,
      13.144061636924746
    ],
    "9": [
      -33.348024559021,
      8.5374532699585
    ]
  },
  "arrow": {
    "baseline": [
      -1.3437807083129882,
      -3.113730525970459
    ],
    "scale_x": -0.47128597722233445,
    "scale_y": 1.4069315877107027
  }
}